strain	accession	date	country	coll2014	freschi2020	lineage
CP097112.1	CP097112.1	2023-10-30	Thailand	lineage1.1	1.1	lineage1
NZ_CP097112.1	NZ_CP097112.1	2023-11-01	Thailand	lineage1.1	1.1	lineage1
NZ_JADPQQ010000001.1	NZ_JADPQQ010000001.1	2024-03-23	Malaysia	lineage1.1.1	1.1.1.1.1	lineage1
CP069062.1	CP069062.1	2022-04-11	China	lineage1.1.1	1.1.1.1	lineage1
CP041795.1	CP041795.1	2020-10-20	Sweden	lineage1.1.1	1.1.1.1.1	lineage1
NZ_CP097109.1	NZ_CP097109.1	2023-11-01	Thailand	lineage1.1.1	1.1.1.1.1	lineage1
CP152406.1	CP152406.1	2024-05-01	Thailand	lineage1.1.1	1.1.1.1.1	lineage1
CP045962.1	CP045962.1	2019-11-17	Australia	lineage1.1.1	1.1.1.1	lineage1
NZ_CP045962.1	NZ_CP045962.1	2023-12-09	Australia	lineage1.1.1	1.1.1.1	lineage1
CP041802.1	CP041802.1	2020-10-20	Sweden	lineage1.1.1	1.1.1.1.1	lineage1
NZ_CP069062.1	NZ_CP069062.1	2024-06-03	China	lineage1.1.1	1.1.1.1	lineage1
CP097109.1	CP097109.1	2023-10-30	Thailand	lineage1.1.1	1.1.1.1.1	lineage1
AP024454.1	AP024454.1	2024-01-10	Viet Nam	lineage1.1.1.1	1.1.1.1.1	lineage1
AP018033.1	AP018033.1	2017-08-11	Viet Nam	lineage1.1.1.1	1.1.1.1.1	lineage1
AP024458.1	AP024458.1	2024-01-10	Viet Nam	lineage1.1.1.1	1.1.1.1.1	lineage1
AP024455.1	AP024455.1	2024-01-10	Viet Nam	lineage1.1.1.1	1.1.1.1.1	lineage1
NZ_AP018033.1	NZ_AP018033.1	2023-12-09	Viet Nam	lineage1.1.1.1	1.1.1.1.1	lineage1
NZ_AP024454.1	NZ_AP024454.1	2024-04-05	Viet Nam	lineage1.1.1.1	1.1.1.1.1	lineage1
NZ_AP024459.1	NZ_AP024459.1	2024-04-05	Viet Nam	lineage1.1.1.1	1.1.1.1.1	lineage1
AP024459.1	AP024459.1	2024-01-10	Viet Nam	lineage1.1.1.1	1.1.1.1.1	lineage1
AP024457.1	AP024457.1	2024-01-10	Viet Nam	lineage1.1.1.1	1.1.1.1.1	lineage1
NZ_AP024457.1	NZ_AP024457.1	2024-04-05	Viet Nam	lineage1.1.1.1	1.1.1.1.1	lineage1
CP041792.1	CP041792.1	2020-10-20	Sweden	lineage1.1.2	1.1.2	lineage1
NZ_KK321911.1	NZ_KK321911.1	2024-06-23	India	lineage1.1.2	1.1.2	lineage1
NZ_CP041798.1	NZ_CP041798.1	2024-07-04	Sweden	lineage1.1.2	1.1.2	lineage1
CP006578.1	CP006578.1	2014-03-14		lineage1.1.2	1.1.2	lineage1
KK321905.1	KK321905.1	2014-04-29	India	lineage1.1.2	1.1.2	lineage1
NZ_CP041859.1	NZ_CP041859.1	2024-07-03	India	lineage1.1.2	1.1.2	lineage1
OW052570.1	OW052570.1	2022-03-21		lineage1.1.2	1.1.2	lineage1
CP130795.1	CP130795.1	2023-08-01	Oman	lineage1.1.2	1.1.2	lineage1
OW052188.1	OW052188.1	2022-03-21		lineage1.1.2	1.1.2	lineage1
CP069077.1	CP069077.1	2022-04-11	India	lineage1.1.2	1.1.2	lineage1
CP130800.1	CP130800.1	2023-08-01	Oman	lineage1.1.3	1.1.1.2	lineage1
NZ_CP041791.1	NZ_CP041791.1	2023-12-09	Belgium	lineage1.1.3	1.1.1.2	lineage1
CP130816.1	CP130816.1	2023-08-01	Oman	lineage1.1.3	1.1.1.2	lineage1
CP130807.1	CP130807.1	2023-08-01	Oman	lineage1.1.3	1.1.1.2	lineage1
NZ_CP130784.1	NZ_CP130784.1	2024-08-13	Oman	lineage1.1.3	1.1.1.2	lineage1
CP130806.1	CP130806.1	2023-08-01	Oman	lineage1.1.3	1.1.1.2	lineage1
KK339441.1	KK339441.1	2014-05-01		lineage1.1.3	1.1.1.2	lineage1
CP130781.1	CP130781.1	2023-08-01	Oman	lineage1.1.3	1.1.1.2	lineage1
NZ_KK339441.1	NZ_KK339441.1	2024-06-29		lineage1.1.3	1.1.1.2	lineage1
CP130810.1	CP130810.1	2023-08-01	Oman	lineage1.1.3	1.1.1.2	lineage1
CP041826.1	CP041826.1	2020-10-20	Philippines	lineage1.2.1	1.2.1.1.1	lineage1
NZ_JBEFML010000001.1	NZ_JBEFML010000001.1	2024-06-14	Philippines	lineage1.2.1	1.2.1.1.1	lineage1
CP097111.1	CP097111.1	2023-10-30	Thailand	lineage1.2.1	1.2.1.1.1	lineage1
CP130767.1	CP130767.1	2023-08-01	Oman	lineage1.2.1	1.2.1.1.1	lineage1
NZ_CP041826.1	NZ_CP041826.1	2024-07-04	Philippines	lineage1.2.1	1.2.1.1.1	lineage1
NZ_CP069078.1	NZ_CP069078.1	2024-06-03	Philippines	lineage1.2.1	1.2.1.1.2	lineage1
CP041801.1	CP041801.1	2020-10-20	Sweden	lineage1.2.1	1.2.1.2	lineage1
CP041827.1	CP041827.1	2020-10-20	Philippines	lineage1.2.1	1.2.1.1.1	lineage1
CP157900.1	CP157900.1	2024-06-17	Philippines	lineage1.2.1	1.2.1.1.1	lineage1
NZ_CP157905.1	NZ_CP157905.1	2024-06-20	Philippines	lineage1.2.1	1.2.1.1.2	lineage1
NZ_JBEFMK010000003.1	NZ_JBEFMK010000003.1	2024-06-14	Philippines	lineage1.2.1,lineage4	1.2.1.1.1,4	lineage1
CP130769.1	CP130769.1	2023-08-01	Oman	lineage1.2.2	1.2.2.2	lineage1
CP130789.1	CP130789.1	2023-08-01	Oman	lineage1.2.2	1.2.2.1	lineage1
CP041796.1	CP041796.1	2020-10-20	Sweden	lineage1.2.2	1.2.2.1	lineage1
NZ_JAHCQV010000001.1	NZ_JAHCQV010000001.1	2024-09-14	Nepal	lineage1.2.2	1.2.2.1	lineage1
NZ_JAHCQW010000001.1	NZ_JAHCQW010000001.1	2024-09-14	Nepal	lineage1.2.2	1.2.2.1	lineage1
CP130779.1	CP130779.1	2023-08-01	Oman	lineage1.2.2	1.2.2.2	lineage1
NZ_CP041868.1	NZ_CP041868.1	2024-07-03	India	lineage1.2.2	1.2.2.1	lineage1
CP130804.1	CP130804.1	2023-08-01	Oman	lineage1.2.2	1.2.2.1	lineage1
CP041811.1	CP041811.1	2020-10-20	Sweden	lineage1.2.2	1.2.2.2	lineage1
CP130757.1	CP130757.1	2023-08-01	Oman	lineage1.2.2	1.2.2.1	lineage1
CP104271.1	CP104271.1	2023-10-30	Thailand	lineage2.1	2.1	lineage2
CP136200.1	CP136200.1	2024-05-29	Thailand	lineage2.1	2.1	lineage2
CP041797.1	CP041797.1	2020-10-20	Sweden	lineage2.1	2.1	lineage2
NZ_CP136200.1	NZ_CP136200.1	2024-05-31	Thailand	lineage2.1	2.1	lineage2
NZ_CP069076.1	NZ_CP069076.1	2024-06-03	China	lineage2.1	2.1	lineage2
CP157909.1	CP157909.1	2024-07-23	Thailand	lineage2.1	2.1	lineage2
NZ_CP158169.1	NZ_CP158169.1	2024-07-17	Thailand	lineage2.1	2.1	lineage2
NZ_CP136191.1	NZ_CP136191.1	2024-05-31	Thailand	lineage2.1	2.1	lineage2
CP136191.1	CP136191.1	2024-05-29	Thailand	lineage2.1	2.1	lineage2
NZ_CP041797.1	NZ_CP041797.1	2023-12-09	Sweden	lineage2.1	2.1	lineage2
NZ_CM002123.1	NZ_CM002123.1	2024-06-21	Panama	lineage2.2.1	2.2.1.1.1	lineage2
NZ_CP010968.1	NZ_CP010968.1	2024-03-18	Malaysia	lineage2.2.1	2.2.1.1.1	lineage2
NZ_CP041857.1	NZ_CP041857.1	2024-07-03	India	lineage2.2.1	2.2.1.1.1	lineage2
CP016888.1	CP016888.1	2016-08-19	Kazakhstan	lineage2.2.1	2.2.1.1.1	lineage2
NZ_CP041861.1	NZ_CP041861.1	2024-07-03	India	lineage2.2.1	2.2.1.1.1	lineage2
NZ_CP011510.1	NZ_CP011510.1	2023-12-09	China	lineage2.2.1	2.2.1.1.1	lineage2
CP041854.1	CP041854.1	2020-10-20	India	lineage2.2.1	2.2.1.1.1	lineage2
NZ_CP002882.1	NZ_CP002882.1	2024-06-21		lineage2.2.1	2.2.1.1.1	lineage2
NZ_CP127273.1	NZ_CP127273.1	2024-06-28	Russia	lineage2.2.1	2.2.1.1.1	lineage2
CP023595.1	CP023595.1	2017-10-05	Peru	lineage2.2.1	2.2.1.1.1	lineage2
NZ_CP009101.1	NZ_CP009101.1	2023-12-08	China	lineage2.2.1,lineage4.4.2	2.2.1.1.1.i1,4.2.1.2.2	lineage2
CP009101.1	CP009101.1	2014-10-22	China	lineage2.2.1,lineage4.4.2	2.2.1.1.1.i1,4.2.1.2.2	lineage2
CP005082.1	CP005082.1	2014-01-31		lineage2.2.1.1	2.2.1.1.1	lineage2
NZ_CP043997.1	NZ_CP043997.1	2024-07-04	India	lineage2.2.1.1	2.2.1.1.1	lineage2
CP041848.1	CP041848.1	2020-10-20	India	lineage2.2.1.1	2.2.1.1.1	lineage2
CP136190.1	CP136190.1	2024-05-29	Thailand	lineage2.2.1.1	2.2.1.1.1	lineage2
NZ_CP041869.1	NZ_CP041869.1	2023-12-09	India	lineage2.2.1.1	2.2.1.1.1	lineage2
KK316637.1	KK316637.1	2014-04-29		lineage2.2.1.1	2.2.1.1.1	lineage2
NZ_CP158168.1	NZ_CP158168.1	2024-07-17	Thailand	lineage2.2.1.1	2.2.1.1.1	lineage2
NZ_CP136190.1	NZ_CP136190.1	2024-05-31	Thailand	lineage2.2.1.1	2.2.1.1.1	lineage2
CP041869.1	CP041869.1	2020-10-20	India	lineage2.2.1.1	2.2.1.1.1	lineage2
CP009183.1	CP009183.1	2017-02-13	USA	lineage2.2.1.1	2.2.1.1.1	lineage2
CP024614.1	CP024614.1	2018-05-22	Mexico	lineage2.2.1.1,lineage4.9	2.2.1.1.1,4.2.1.1.1.1.1.1.i2	lineage2
NZ_CM001043.1	NZ_CM001043.1	2024-06-21	USA	lineage2.2.1.2	2.2.1.1.1	lineage2
NZ_CP054014.1	NZ_CP054014.1	2023-12-09	USA	lineage2.2.1.2	2.2.1.1.1	lineage2
CM001043.1	CM001043.1	2015-03-13	USA	lineage2.2.1.2	2.2.1.1.1	lineage2
CP017920.1	CP017920.1	2016-11-07	USA	lineage2.2.1.2	2.2.1.1.1	lineage2
CP041858.1	CP041858.1	2020-10-20	India	lineage2.2.1.2	2.2.1.1.1	lineage2
NZ_CP041858.1	NZ_CP041858.1	2024-03-23	India	lineage2.2.1.2	2.2.1.1.1	lineage2
NZ_CP017920.1	NZ_CP017920.1	2023-12-12	USA	lineage2.2.1.2	2.2.1.1.1	lineage2
CP054014.1	CP054014.1	2020-06-04	USA	lineage2.2.1.2	2.2.1.1.1	lineage2
NZ_CP150983.2	NZ_CP150983.2	2024-07-11	South Korea	lineage2.2.2	2.2.2	lineage2
CP041821.1	CP041821.1	2020-10-20	South Africa	lineage2.2.2	2.2.2	lineage2
CP150983.2	CP150983.2	2024-07-09	South Korea	lineage2.2.2	2.2.2	lineage2
NZ_CP041817.1	NZ_CP041817.1	2023-12-09	South Africa	lineage2.2.2	2.2.2	lineage2
CP022014.1	CP022014.1	2017-06-26	South Korea	lineage2.2.2	2.2.2	lineage2
CP007809.1	CP007809.1	2014-11-18	South Korea	lineage2.2.2	2.2.2	lineage2
CP041817.1	CP041817.1	2020-10-20	South Africa	lineage2.2.2	2.2.2	lineage2
NZ_CP007803.1	NZ_CP007803.1	2024-05-08	Korea	lineage2.2.2	2.2.2	lineage2
NZ_CP041819.1	NZ_CP041819.1	2024-03-23	South Africa	lineage2.2.2	2.2.2	lineage2
CP159543.1	CP159543.1	2024-07-07	South Korea	lineage2.2.2	2.2.2	lineage2
NZ_CP009100.1	NZ_CP009100.1	2023-12-08	China	lineage2.2.2,lineage4.4.2	4.2.1.2.2.2	lineage2
CP009100.1	CP009100.1	2014-10-22	China	lineage2.2.2,lineage4.4.2	4.2.1.2.2.2	lineage2
CP069075.1	CP069075.1	2022-04-11	India	lineage3	3.1.1	lineage3
CP130819.1	CP130819.1	2023-08-01	Oman	lineage3	3.2.1	lineage3
CP028428.1	CP028428.1	2018-04-08	India	lineage3	3.1.1	lineage3
NZ_CP069073.1	NZ_CP069073.1	2024-06-03	Ethiopia	lineage3	3.1.1	lineage3
CP130759.1	CP130759.1	2023-08-01	Oman	lineage3	3.1.1	lineage3
CP023170.1	CP023170.1	2017-09-12		lineage3	3.1.1	lineage3
CP130815.1	CP130815.1	2023-08-01	Oman	lineage3	3.1.1	lineage3
NZ_CP041871.1	NZ_CP041871.1	2024-07-04	India	lineage3	3.1.1	lineage3
NZ_CP023170.1	NZ_CP023170.1	2024-03-19		lineage3	3.1.1	lineage3
CP130798.1	CP130798.1	2023-08-01	Oman	lineage3	3.1.1	lineage3
NZ_KK356513.1	NZ_KK356513.1	2024-06-30	Sweden	lineage3.1.1	3.1.1.i1	lineage3
KK356513.1	KK356513.1	2014-05-03	Sweden	lineage3.1.1	3.1.1.i1	lineage3
NZ_CP041853.1	NZ_CP041853.1	2024-07-03	India	lineage3.1.1	3.1.1.i1	lineage3
NZ_CP041813.1	NZ_CP041813.1	2024-07-04	Belgium	lineage3.1.1	3.1.1.i1	lineage3
CP130794.1	CP130794.1	2023-08-01	Oman	lineage3.1.1	3.1.1.i1	lineage3
CP041813.1	CP041813.1	2020-10-20	Belgium	lineage3.1.1	3.1.1.i1	lineage3
NZ_OW052302.1	NZ_OW052302.1	2024-05-26	Madagascar	lineage3.1.1	3.1.1.i1	lineage3
CP041853.1	CP041853.1	2020-10-20	India	lineage3.1.1	3.1.1.i1	lineage3
OW052302.1	OW052302.1	2022-03-21		lineage3.1.1	3.1.1.i1	lineage3
CP041873.1	CP041873.1	2020-10-20	India	lineage3.1.2	3.1.1.i2	lineage3
CP023169.1	CP023169.1	2017-09-12		lineage3.1.2	3.1.1.i2	lineage3
NZ_CP023169.1	NZ_CP023169.1	2024-03-19		lineage3.1.2	3.1.1.i2	lineage3
CP130777.1	CP130777.1	2023-08-01	Oman	lineage3.1.2	3.1.1.i2	lineage3
CP041875.1	CP041875.1	2020-10-20	India	lineage3.1.2	3.1.1.i2	lineage3
NZ_CP041875.1	NZ_CP041875.1	2023-12-09	India	lineage3.1.2	3.1.1.i2	lineage3
NZ_CP041873.1	NZ_CP041873.1	2024-07-04	India	lineage3.1.2	3.1.1.i2	lineage3
CP130785.1	CP130785.1	2023-08-01	Oman	lineage3.1.2.1	3.1.1.i2	lineage3
NZ_MMPA01000001.1	NZ_MMPA01000001.1	2023-12-09	Peru	lineage4	4.2.1.1.1.1.2	lineage4
MRGK01000001.1	MRGK01000001.1	2017-05-11	Peru	lineage4	4.2.1.1.1.1.2	lineage4
NZ_MNAA01000001.1	NZ_MNAA01000001.1	2023-12-09	Peru	lineage4	4.2.1.1.1.1.2	lineage4
NZ_KK353575.1	NZ_KK353575.1	2024-06-30	South Korea	lineage4	4	lineage4
NZ_CP023632.1	NZ_CP023632.1	2023-12-09	Peru	lineage4	4.2.1.1.1.1.2	lineage4
MMNZ01000001.1	MMNZ01000001.1	2016-10-25	Peru	lineage4	4.2.1.1.1.1.2	lineage4
MMYL01000001.1	MMYL01000001.1	2016-10-25	Peru	lineage4	4.2.1.1.1.1.2	lineage4
NZ_CP023583.1	NZ_CP023583.1	2024-03-19	Peru	lineage4	4.2.1.1.1.1.2	lineage4
CP023591.1	CP023591.1	2017-10-05	Peru	lineage4	4	lineage4
NZ_CP023582.1	NZ_CP023582.1	2023-12-09	Peru	lineage4	4.2.1.1.1.1.2	lineage4
NZ_KK339242.1	NZ_KK339242.1	2024-06-29	Mali	lineage4.1	4.1.i2.2	lineage4
KK339242.1	KK339242.1	2014-05-01		lineage4.1	4.1.i2.2	lineage4
NZ_CP053903.1	NZ_CP053903.1	2023-12-09	Italy	lineage4.1.1	4.1.i1.2.1	lineage4
CP009187.1	CP009187.1	2017-02-13	USA	lineage4.1.1	4.1.i1.2.1	lineage4
CP053903.1	CP053903.1	2020-08-17	Italy	lineage4.1.1	4.1.i1.2.1	lineage4
NZ_CP023631.1	NZ_CP023631.1	2023-12-12	Peru	lineage4.1.1	4.1.i1.2.1	lineage4
NZ_CP089778.1	NZ_CP089778.1	2024-06-01	Peru	lineage4.1.1	4.1.i1.2.1	lineage4
NZ_CP009187.1	NZ_CP009187.1	2024-07-02	USA	lineage4.1.1	4.1.i1.2.1	lineage4
CP089778.1	CP089778.1	2023-04-25	Peru	lineage4.1.1	4.1.i1.2.1	lineage4
NZ_MMOU01000001.1	NZ_MMOU01000001.1	2024-03-18	Peru	lineage4.1.1	4.1.i1.2.1	lineage4
MMOU01000001.1	MMOU01000001.1	2016-10-25	Peru	lineage4.1.1	4.1.i1.2.1	lineage4
CP023631.1	CP023631.1	2017-10-05	Peru	lineage4.1.1	4.1.i1.2.1	lineage4
NZ_CP009188.1	NZ_CP009188.1	2024-07-01	USA	lineage4.1.1.1	4.1.i1.2.1	lineage4
CP025596.1	CP025596.1	2018-02-02	Guatemala	lineage4.1.1.1	4.1.i1.2.1	lineage4
CP130778.1	CP130778.1	2023-08-01	Oman	lineage4.1.1.1	4.1.i1.2.1	lineage4
NZ_CP009207.1	NZ_CP009207.1	2024-07-01	USA	lineage4.1.1.1	4.1.i1.2.1	lineage4
CP009188.1	CP009188.1	2017-02-13	USA	lineage4.1.1.1	4.1.i1.2.1	lineage4
CP130782.1	CP130782.1	2023-08-01	Oman	lineage4.1.1.1	4.1.i1.2.1	lineage4
NZ_CP025596.1	NZ_CP025596.1	2023-12-09	Guatemala	lineage4.1.1.1	4.1.i1.2.1	lineage4
CP009207.1	CP009207.1	2017-02-13	USA	lineage4.1.1.1	4.1.i1.2.1	lineage4
CP009191.1	CP009191.1	2017-02-13	USA	lineage4.1.1.2	4.1.i1.2.1	lineage4
NZ_MNBY01000001.1	NZ_MNBY01000001.1	2023-12-12	USA	lineage4.1.1.2	4.1.i1.2.1	lineage4
NZ_CP009191.1	NZ_CP009191.1	2024-07-01	USA	lineage4.1.1.2	4.1.i1.2.1	lineage4
NZ_CP009178.1	NZ_CP009178.1	2024-07-01	USA	lineage4.1.1.2	4.1.i1.2.1	lineage4
CP009178.1	CP009178.1	2017-02-13	USA	lineage4.1.1.2	4.1.i1.2.1	lineage4
MNBY01000001.1	MNBY01000001.1	2016-11-07	USA	lineage4.1.1.2	4.1.i1.2.1	lineage4
KK328105.1	KK328105.1	2014-04-30	South Africa	lineage4.1.1.3	4.1.i1.2.1	lineage4
KK353363.1	KK353363.1	2014-05-03		lineage4.1.1.3	4.1.i1.2.1	lineage4
KK328241.1	KK328241.1	2014-04-30	South Africa	lineage4.1.1.3	4.1.i1.2.1	lineage4
KK341227.1	KK341227.1	2014-05-02		lineage4.1.1.3	4.1.i1.2.1	lineage4
KK328295.1	KK328295.1	2014-04-30	South Africa	lineage4.1.1.3	4.1.i1.2.1	lineage4
NZ_CM002075.1	NZ_CM002075.1	2024-06-21	Panama	lineage4.1.1.3	4.1.i1.2.1	lineage4
MRGN01000001.1	MRGN01000001.1	2017-05-11	Peru	lineage4.1.1.3	4.1.i1.2.1	lineage4
NZ_CP018301.1	NZ_CP018301.1	2024-03-05	Peru	lineage4.1.1.3	4.1.i1.2.1	lineage4
NZ_KK328105.1	NZ_KK328105.1	2024-06-23	South Africa	lineage4.1.1.3	4.1.i1.2.1	lineage4
CP009177.1	CP009177.1	2017-02-13	USA	lineage4.1.1.3	4.1.i1.2.1	lineage4
CP004886.1	CP004886.1	2014-01-31		lineage4.1.1.3,lineage4.4.2	4.1.i1.2.1	lineage4
NZ_CP023623.1	NZ_CP023623.1	2024-03-19	Peru	lineage4.1.2	4.1.i1.1.1.1	lineage4
CP025607.1	CP025607.1	2018-02-02	Guatemala	lineage4.1.2	4.1.i1.1.1.1	lineage4
NZ_CP041816.1	NZ_CP041816.1	2023-12-09	Sweden	lineage4.1.2	4.1.i1.1.1.2	lineage4
CP023623.1	CP023623.1	2017-10-05	Peru	lineage4.1.2	4.1.i1.1.1.1	lineage4
NZ_CP041207.1	NZ_CP041207.1	2023-12-09	Canada	lineage4.1.2	4.1.i1.1.1.1	lineage4
CP041207.1	CP041207.1	2019-08-05	Canada	lineage4.1.2	4.1.i1.1.1.1	lineage4
NC_019951.1	NC_019951.1	2024-01-28		lineage4.1.2	3.2.2,4.1.i2.2,2.2.1.1.2	lineage4
NZ_CP025607.1	NZ_CP025607.1	2023-12-09	Guatemala	lineage4.1.2	4.1.i1.1.1.1	lineage4
CP041816.1	CP041816.1	2020-10-20	Sweden	lineage4.1.2	4.1.i1.1.1.2	lineage4
CP009192.1	CP009192.1	2017-02-13	USA	lineage4.1.2.1	4.1.i1.1.1.1	lineage4
LR136918.1	LR136918.1	2019-04-03		lineage4.1.2.1	4.1.i1.1.1.1	lineage4
NZ_CM002112.1	NZ_CM002112.1	2024-06-21	Panama	lineage4.1.2.1	4.1.i1.1.1.1	lineage4
CP130775.1	CP130775.1	2023-08-01	Oman	lineage4.1.2.1	4.1.i1.1.1.1	lineage4
NZ_CM002054.1	NZ_CM002054.1	2024-06-21	Panama	lineage4.1.2.1	4.1.i1.1.1.1	lineage4
NZ_CP041818.1	NZ_CP041818.1	2024-07-04	South Africa	lineage4.1.2.1	4.1.i1.1.1.1	lineage4
NZ_CP053902.1	NZ_CP053902.1	2024-03-23	Italy	lineage4.1.2.1	4.1.i1.1.1.1	lineage4
CP023619.1	CP023619.1	2017-10-05	Peru	lineage4.1.2.1	4.1.i1.1.1.1	lineage4
NZ_CP019611.1	NZ_CP019611.1	2023-12-09	Hong Kong	lineage4.1.2.1	4.1.i1.1.1.1	lineage4
NZ_CP023636.1	NZ_CP023636.1	2023-12-12	Peru	lineage4.1.2.1	4.1.i1.1.1.1	lineage4
NZ_CP041839.1	NZ_CP041839.1	2024-03-23	Moldova	lineage4.2.1	4.2.2.2.1	lineage4
NZ_CP041837.1	NZ_CP041837.1	2023-12-09	Moldova	lineage4.2.1	4.2.2.2.1	lineage4
CP041837.1	CP041837.1	2020-10-20	Moldova	lineage4.2.1	4.2.2.2.1	lineage4
CP041838.1	CP041838.1	2020-10-20	Moldova	lineage4.2.1	4.2.2.2.1	lineage4
NZ_CP041833.1	NZ_CP041833.1	2024-07-04	Moldova	lineage4.2.1	4.2.2.2.1	lineage4
CP041831.1	CP041831.1	2020-10-20	Moldova	lineage4.2.1	4.2.2.2.2	lineage4
NZ_CP069070.1	NZ_CP069070.1	2024-06-03	Germany	lineage4.2.1	4.2.2.2.2	lineage4
CP069070.1	CP069070.1	2022-04-11	Germany	lineage4.2.1	4.2.2.2.2	lineage4
CP041839.1	CP041839.1	2020-10-20	Moldova	lineage4.2.1	4.2.2.2.1	lineage4
NZ_CP041841.1	NZ_CP041841.1	2024-07-04	Moldova	lineage4.2.1	4.2.2.2.1	lineage4
NZ_CP010339.1	NZ_CP010339.1	2024-03-03	China	lineage4.2.2	4.2.2	lineage4
NZ_CP041866.1	NZ_CP041866.1	2024-07-03	India	lineage4.2.2	4.2.2	lineage4
CP041866.1	CP041866.1	2020-10-20	India	lineage4.2.2	4.2.2	lineage4
CP010339.1	CP010339.1	2016-02-03		lineage4.2.2	4.2.2	lineage4
NZ_KK356472.1	NZ_KK356472.1	2024-06-30	Sweden	lineage4.2.2	4.2.2	lineage4
KK356472.1	KK356472.1	2014-05-03	Sweden	lineage4.2.2	4.2.2	lineage4
NZ_KK356241.1	NZ_KK356241.1	2024-06-30	Sweden	lineage4.2.2	4.2.2	lineage4
KK356241.1	KK356241.1	2014-05-03	Sweden	lineage4.2.2	4.2.2	lineage4
NZ_CP085554.1	NZ_CP085554.1	2023-12-09	Bulgaria	lineage4.2.2.1	4.2.2	lineage4
CP085616.1	CP085616.1	2021-10-31	Bulgaria	lineage4.2.2.1	4.2.2	lineage4
NZ_CP085578.1	NZ_CP085578.1	2023-12-13	Bulgaria	lineage4.2.2.1	4.2.2	lineage4
NZ_CP085607.1	NZ_CP085607.1	2023-12-09	Bulgaria	lineage4.2.2.1	4.2.2	lineage4
CP085593.1	CP085593.1	2021-10-31	Bulgaria	lineage4.2.2.1	4.2.2	lineage4
NZ_CP085562.1	NZ_CP085562.1	2023-12-13	Bulgaria	lineage4.2.2.1	4.2.2	lineage4
NZ_CP085560.1	NZ_CP085560.1	2023-12-13	Bulgaria	lineage4.2.2.1	4.2.2	lineage4
NZ_CP085573.1	NZ_CP085573.1	2023-12-13	Bulgaria	lineage4.2.2.1	4.2.2	lineage4
CP085615.1	CP085615.1	2021-10-31	Bulgaria	lineage4.2.2.1	4.2.2	lineage4
CP085582.1	CP085582.1	2021-10-31	Bulgaria	lineage4.2.2.1	4.2.2	lineage4
CP023584.1	CP023584.1	2017-10-05	Peru	lineage4.3	4.2.1.2.1.1	lineage4
NZ_CP023584.1	NZ_CP023584.1	2023-12-12	Peru	lineage4.3	4.2.1.2.1.1	lineage4
CP074075.1	CP074075.1	2021-09-24	USA	lineage4.3,lineage2.2.1,lineage4.2,lineage4.6.1	2.2.1.1	lineage4
NZ_CP074075.1	NZ_CP074075.1	2023-11-16	USA	lineage4.3,lineage2.2.1,lineage4.2,lineage4.6.1	2.2.1.1	lineage4
CM002048.1	CM002048.1	2015-03-22	Panama	lineage4.3.2	4.2.1.2.1.1.i1	lineage4
CP023617.1	CP023617.1	2017-10-05	Peru	lineage4.3.2	4.2.1.2.1.1.i1	lineage4
NZ_MMBZ01000001.1	NZ_MMBZ01000001.1	2024-03-18	Peru	lineage4.3.2	4.2.1.2.1.1.i1	lineage4
CP041820.1	CP041820.1	2020-10-20	South Africa	lineage4.3.2	4.2.1.2.1.1	lineage4
CP025608.1	CP025608.1	2018-02-02	Guatemala	lineage4.3.2	4.2.1.2.1.1.i1	lineage4
CP023607.1	CP023607.1	2017-10-05	Peru	lineage4.3.2	4.2.1.2.1.1.i1	lineage4
MRIY01000001.1	MRIY01000001.1	2017-05-11	Peru	lineage4.3.2	4.2.1.2.1.1.i1	lineage4
CAXHXV010000001.1	CAXHXV010000001.1	2024-04-19		lineage4.3.2	4.2.1.2.1.1.i1	lineage4
NZ_CM002107.1	NZ_CM002107.1	2024-06-21	Panama	lineage4.3.2	4.2.1.2.1.1.i1	lineage4
NZ_MRII01000001.1	NZ_MRII01000001.1	2024-03-19	Peru	lineage4.3.2	4.2.1.2.1.1.i1	lineage4
NC_009565.1	NC_009565.1	2024-06-21		lineage4.3.2.1	4.2.1.2.1.1.i1	lineage4
CP000717.1	CP000717.1	2013-12-11		lineage4.3.2.1	4.2.1.2.1.1.i1	lineage4
KK355761.1	KK355761.1	2014-05-03	South Africa	lineage4.3.2.1	4.2.1.2.1.1.i1	lineage4
NZ_KK355761.1	NZ_KK355761.1	2024-06-30	South Africa	lineage4.3.2.1	4.2.1.2.1.1.i1	lineage4
CAXHYH010000001.1	CAXHYH010000001.1	2024-04-19		lineage4.3.3	4.2.1.2.1.1.i4.1	lineage4
CM002076.1	CM002076.1	2015-03-22	Panama	lineage4.3.3	4.2.1.2.1.1.i4	lineage4
NZ_KK328379.1	NZ_KK328379.1	2024-06-23	South Africa	lineage4.3.3	4.2.1.2.1.1.i4.1	lineage4
NZ_KK321411.1	NZ_KK321411.1	2024-06-23	South Africa	lineage4.3.3	4.2.1.2.1.1.i4.1	lineage4
CP018303.1	CP018303.1	2016-12-09	Peru	lineage4.3.3	4.2.1.2.1.1.i4.1	lineage4
KK317072.1	KK317072.1	2014-04-29		lineage4.3.3	4.2.1.2.1.1.i4.1	lineage4
NZ_KK327821.1	NZ_KK327821.1	2024-06-23	South Africa	lineage4.3.3	4.2.1.2.1.1.i4.1	lineage4
JLYL01000001.1	JLYL01000001.1	2014-04-29	South Africa	lineage4.3.3	4.2.1.2.1.1.i4.1	lineage4
NZ_KK327819.1	NZ_KK327819.1	2024-06-23	South Africa	lineage4.3.3	4.2.1.2.1.1.i4.1	lineage4
CAXHXY010000001.1	CAXHXY010000001.1	2024-04-19		lineage4.3.3	4.2.1.2.1.1.i4.1	lineage4
CP023633.1	CP023633.1	2017-10-05	Peru	lineage4.3.4	4.2.1.2.1.1.i3.2	lineage4
NZ_AP017901.1	NZ_AP017901.1	2023-12-12	Japan	lineage4.3.4	4.2.1.2.1.1.i3.2	lineage4
NZ_CM002099.1	NZ_CM002099.1	2024-06-22	Panama	lineage4.3.4	4.2.1.2.1.1.i3.2	lineage4
CM002099.1	CM002099.1	2015-03-22	Panama	lineage4.3.4	4.2.1.2.1.1.i3.2	lineage4
AP017901.1	AP017901.1	2016-12-01	Japan	lineage4.3.4	4.2.1.2.1.1.i3.2	lineage4
NZ_CP023633.1	NZ_CP023633.1	2024-03-19	Peru	lineage4.3.4	4.2.1.2.1.1.i3.2	lineage4
CP018302.1	CP018302.1	2016-12-09	Peru	lineage4.3.4	4.2.1.2.1.1.i3.2	lineage4
KK356485.1	KK356485.1	2014-05-03	Sweden	lineage4.3.4	4.2.1.2.1.1.i3.2	lineage4
NZ_CP018302.1	NZ_CP018302.1	2024-03-05	Peru	lineage4.3.4	4.2.1.2.1.1.i3.2	lineage4
CP003233.1	CP003233.1	2014-01-31		lineage4.3.4	4.2.1.2.1.1.i3	lineage4
CP023587.1	CP023587.1	2017-10-05	Peru	lineage4.3.4.1	4.2.1.2.1.1.i3.2	lineage4
CP009175.1	CP009175.1	2017-02-13	USA	lineage4.3.4.1	4.2.1.2.1.1.i3.2	lineage4
CAXHXR010000002.1	CAXHXR010000002.1	2024-04-19		lineage4.3.4.1	4.2.1.2.1.1.i3.2	lineage4
NZ_CP009180.1	NZ_CP009180.1	2024-07-01	USA	lineage4.3.4.1	4.2.1.2.1.1.i3.2	lineage4
CAXHYA010000001.1	CAXHYA010000001.1	2024-04-19		lineage4.3.4.1	4.2.1.2.1.1.i3.2	lineage4
CP023579.1	CP023579.1	2017-10-05	Peru	lineage4.3.4.1	4.2.1.2.1.1.i3.2	lineage4
NZ_CP023627.1	NZ_CP023627.1	2023-12-09	Peru	lineage4.3.4.1	4.2.1.2.1.1.i3.2	lineage4
CP009180.1	CP009180.1	2017-02-13	USA	lineage4.3.4.1	4.2.1.2.1.1.i3.2	lineage4
CAXHYC010000001.1	CAXHYC010000001.1	2024-04-19		lineage4.3.4.1	4.2.1.2.1.1.i3.2	lineage4
CAXHYA010000002.1	CAXHYA010000002.1	2024-04-19		lineage4.3.4.1	4.2.1.2.1.1.i3.2	lineage4
CP023592.1	CP023592.1	2017-10-05	Peru	lineage4.3.4.2	4.2.1.2.1.1.i3.1	lineage4
CP130793.1	CP130793.1	2023-08-01	Oman	lineage4.3.4.2	4.2.1.2.1.1.i3.1	lineage4
NC_016934.1	NC_016934.1	2024-06-22		lineage4.3.4.2	4.2.1.2.1.1.i3.1	lineage4
CAXHXZ010000001.1	CAXHXZ010000001.1	2024-04-19		lineage4.3.4.2	4.2.1.2.1.1.i3.1	lineage4
NZ_CP023592.1	NZ_CP023592.1	2023-12-09	Peru	lineage4.3.4.2	4.2.1.2.1.1.i3.1	lineage4
CAXHYD010000001.1	CAXHYD010000001.1	2024-04-19		lineage4.3.4.2	4.2.1.2.1.1.i3.1	lineage4
CP018305.1	CP018305.1	2016-12-09	Peru	lineage4.3.4.2	4.2.1.2.1.1.i3.1	lineage4
CP041829.1	CP041829.1	2020-10-20	Philippines	lineage4.3.4.2	4.2.1.2.1.1.i3.1	lineage4
CP130766.1	CP130766.1	2023-08-01	Oman	lineage4.3.4.2	4.2.1.2.1.1.i3.1	lineage4
NZ_MMXV01000001.1	NZ_MMXV01000001.1	2023-12-09	Peru	lineage4.3.4.2	4.2.1.2.1.1.i3.1	lineage4
CP041808.1	CP041808.1	2020-10-20	Sweden	lineage4.3.4.2.1	4.2.1.2.1.1.i3.1	lineage4
NZ_CP041808.1	NZ_CP041808.1	2024-07-04	Sweden	lineage4.3.4.2.1	4.2.1.2.1.1.i3.1	lineage4
NZ_MRJF01000001.1	NZ_MRJF01000001.1	2024-03-19	Peru	lineage4.4.1	4.2.1.2.2.1	lineage4
CP072790.1	CP072790.1	2022-02-07	Peru	lineage4.4.1	4.2.1.2.2.1	lineage4
MRJF01000001.1	MRJF01000001.1	2017-05-11	Peru	lineage4.4.1	4.2.1.2.2.1	lineage4
NZ_CP072790.1	NZ_CP072790.1	2023-12-20	Peru	lineage4.4.1	4.2.1.2.2.1	lineage4
NZ_CP089773.1	NZ_CP089773.1	2024-06-01	Peru	lineage4.4.1	4.2.1.2.2.1	lineage4
CP089773.1	CP089773.1	2023-04-25	Peru	lineage4.4.1	4.2.1.2.2.1	lineage4
CP041806.1	CP041806.1	2020-10-20	Belgium	lineage4.4.1.1	4.2.1.2.2.1.1	lineage4
OZ023108.1	OZ023108.1	2024-03-17				
OZ023117.1	OZ023117.1	2024-03-17		lineage4.4.1.1	4.2.1.2.2.1.1	lineage4
NZ_OZ023120.1	NZ_OZ023120.1	2024-04-05	Switzerland	lineage4.4.1.1	4.2.1.2.2.1.1	lineage4
OZ023112.1	OZ023112.1	2024-03-17		lineage4.4.1.1	4.2.1.2.2.1.1	lineage4
NZ_OZ023123.1	NZ_OZ023123.1	2024-04-05	Switzerland	lineage4.4.1.1	4.2.1.2.2.1.1	lineage4
NZ_OZ023115.1	NZ_OZ023115.1	2024-04-05	Switzerland	lineage4.4.1.1	4.2.1.2.2.1.1	lineage4
OZ023115.1	OZ023115.1	2024-03-17		lineage4.4.1.1	4.2.1.2.2.1.1	lineage4
OZ023116.1	OZ023116.1	2024-03-17		lineage4.4.1.1	4.2.1.2.2.1.1	lineage4
NZ_OZ023111.1	NZ_OZ023111.1	2024-04-05	Switzerland	lineage4.4.1.1	4.2.1.2.2.1.1	lineage4
CP009205.1	CP009205.1	2017-02-13	USA	lineage4.4.1.2	4.2.1.2.2.1.2	lineage4
NZ_CP009205.1	NZ_CP009205.1	2024-07-02	USA	lineage4.4.1.2	4.2.1.2.2.1.2	lineage4
OZ023109.1	OZ023109.1	2024-03-17		lineage4.4.1.2	4.2.1.2.2.1.2	lineage4
NZ_OZ023109.1	NZ_OZ023109.1	2024-04-05	Nepal	lineage4.4.1.2	4.2.1.2.2.1.2	lineage4
CP133044.1	CP133044.1	2023-08-24	China	lineage4.4.2	4.2.1.2.2.2	lineage4
CP133042.1	CP133042.1	2023-08-24	China	lineage4.4.2	4.2.1.2.2.2	lineage4
CP133045.1	CP133045.1	2023-08-24	China	lineage4.4.2	4.2.1.2.2.2	lineage4
CP047258.1	CP047258.1	2020-01-12	Taiwan	lineage4.4.2	4.2.1.2.2.2	lineage4
NZ_CP133045.1	NZ_CP133045.1	2024-09-08	China	lineage4.4.2	4.2.1.2.2.2	lineage4
NZ_CP133044.1	NZ_CP133044.1	2024-09-08	China	lineage4.4.2	4.2.1.2.2.2	lineage4
NZ_CP133042.1	NZ_CP133042.1	2024-09-08	China	lineage4.4.2	4.2.1.2.2.2	lineage4
CP010338.1	CP010338.1	2016-02-03		lineage4.4.2	4.2.1.2.2.2	lineage4
NZ_CP047258.1	NZ_CP047258.1	2024-07-04	Taiwan	lineage4.4.2	4.2.1.2.2.2	lineage4
CP019612.1	CP019612.1	2018-07-03	Hong Kong	lineage4.5	4.2.1.1.2	lineage4
NZ_CP136202.1	NZ_CP136202.1	2024-05-31	Thailand	lineage4.5	4.2.1.1.2	lineage4
CP020381.2	CP020381.2	2017-04-06	South Korea	lineage4.5	4.2.1.1.2	lineage4
NZ_CP089777.1	NZ_CP089777.1	2024-06-03	Peru	lineage4.5	4.2.1.1.2	lineage4
NZ_CP133040.1	NZ_CP133040.1	2024-11-07	China	lineage4.5	4.2.1.1.2	lineage4
CP133040.1	CP133040.1	2023-08-24	China	lineage4.5	4.2.1.1.2	lineage4
NZ_CP018778.1	NZ_CP018778.1	2024-03-05	Denmark	lineage4.5	4.2.1.1.2	lineage4
NZ_CP157911.1	NZ_CP157911.1	2024-07-24	Thailand	lineage4.5	4.2.1.1.2	lineage4
NZ_CP020381.2	NZ_CP020381.2	2024-03-05	South Korea	lineage4.5	4.2.1.1.2	lineage4
CP089777.1	CP089777.1	2023-04-25	Peru	lineage4.5	4.2.1.1.2	lineage4
CP154615.1	CP154615.1	2024-05-07	Burundi	lineage4.6.1.1	4.2.1.1.1.2.2.1.1.1.1	lineage4
NZ_CP154615.1	NZ_CP154615.1	2024-11-27	Burundi	lineage4.6.1.1	4.2.1.1.1.2.2.1.1.1.1	lineage4
NZ_CM001227.1	NZ_CM001227.1	2024-05-08	Sweden	lineage4.6.1.2	4.2.1.1.1.2.2.1.1.1.2	lineage4
NZ_CP150074.1	NZ_CP150074.1	2024-11-27	Rwanda	lineage4.6.1.2	4.2.1.1.1.2.2.1.1.1.2	lineage4
CP150074.1	CP150074.1	2024-04-02	Rwanda	lineage4.6.1.2	4.2.1.1.1.2.2.1.1.1.2	lineage4
NZ_CM001226.1	NZ_CM001226.1	2024-05-08	Sweden	lineage4.6.1.2	4.2.1.1.1.2.2.1.1.1.2	lineage4
CM001226.1	CM001226.1	2015-03-14	Sweden	lineage4.6.1.2	4.2.1.1.1.2.2.1.1.1.2	lineage4
CM001227.1	CM001227.1	2015-03-14	Sweden	lineage4.6.1.2	4.2.1.1.1.2.2.1.1.1.2	lineage4
NZ_CM001225.1	NZ_CM001225.1	2024-05-08	Sweden	lineage4.6.1.2	4.2.1.1.1.2.2.1.1.1.2	lineage4
CM001225.1	CM001225.1	2015-03-14	Sweden	lineage4.6.1.2	4.2.1.1.1.2.2.1.1.1.2	lineage4
CP154610.1	CP154610.1	2024-05-07	Burundi	lineage4.6.1.2	4.2.1.1.1.2.2.1.1.1.2	lineage4
NZ_CP154610.1	NZ_CP154610.1	2024-11-27	Burundi	lineage4.6.1.2	4.2.1.1.1.2.2.1.1.1.2	lineage4
NZ_KK339323.1	NZ_KK339323.1	2024-06-29	Mali	lineage4.6.2.2	4.2.1.1.1.2.1.1.1.1.2	lineage4
KK339323.1	KK339323.1	2014-05-01		lineage4.6.2.2	4.2.1.1.1.2.1.1.1.1.2	lineage4
NZ_CP069072.1	NZ_CP069072.1	2024-06-03	Ghana	lineage4.6.2.2	4.2.1.1.1.2.1.1.1.1.1	lineage4
CP069072.1	CP069072.1	2022-04-11	Ghana	lineage4.6.2.2	4.2.1.1.1.2.1.1.1.1.1	lineage4
NZ_CP009176.1	NZ_CP009176.1	2024-07-01	USA	lineage4.7	4	lineage4
CM002055.1	CM002055.1	2015-03-22	Panama	lineage4.7	4	lineage4
NZ_CM002055.1	NZ_CM002055.1	2024-06-21	Panama	lineage4.7	4	lineage4
NZ_CP041809.1	NZ_CP041809.1	2024-03-23	Belgium	lineage4.7	4	lineage4
NZ_CM002022.1	NZ_CM002022.1	2024-06-21	Panama	lineage4.7	4	lineage4
CP149781.1	CP149781.1	2024-03-31	Belgium	lineage4.7	4	lineage4
CP009172.1	CP009172.1	2017-02-13	USA	lineage4.7	4	lineage4
CP009176.1	CP009176.1	2017-02-13	USA	lineage4.7	4	lineage4
CP023630.1	CP023630.1	2017-10-05	Peru	lineage4.7	4	lineage4
NZ_CP023600.1	NZ_CP023600.1	2023-12-12	Peru	lineage4.7	4	lineage4
NZ_MRGJ01000001.1	NZ_MRGJ01000001.1	2024-03-19	Peru	lineage4.8	4.2.1.1.1.1.1.1.i1	lineage4
CP009196.1	CP009196.1	2017-02-13	USA	lineage4.8	4.2.1.1.1.1.1.1.i1	lineage4
CP023616.1	CP023616.1	2017-10-05	Peru	lineage4.8	4.2.1.1.1.1.1.1.i1	lineage4
CP130762.1	CP130762.1	2023-08-01	Oman	lineage4.8	4.2.1.1.1.1.1.1.i1	lineage4
NZ_MRGH01000001.1	NZ_MRGH01000001.1	2024-03-19	Peru	lineage4.8	4.2.1.1.1.1.1.1.i1	lineage4
NZ_LR027516.1	NZ_LR027516.1	2023-12-09	Denmark	lineage4.8	4.2.1.1.1.1.1.1.i1	lineage4
NZ_CP009203.1	NZ_CP009203.1	2024-07-01	USA	lineage4.8	4.2.1.1.1.1.1.1.i1	lineage4
NZ_CP009206.1	NZ_CP009206.1	2024-07-02	USA	lineage4.8	4.2.1.1.1.1.1.1.i1	lineage4
NZ_CP009173.1	NZ_CP009173.1	2024-07-02	USA	lineage4.8	4.2.1.1.1.1.1.1.i1	lineage4
MRGJ01000001.1	MRGJ01000001.1	2017-05-11	Peru	lineage4.8	4.2.1.1.1.1.1.1.i1	lineage4
NZ_CP072764.1	NZ_CP072764.1	2023-12-13	USA	lineage4.9	4.2.1.1.1.1.1.1.i2	lineage4
NZ_CP054013.1	NZ_CP054013.1	2023-12-09	USA	lineage4.9	4.2.1.1.1.1.1.1.i2	lineage4
NZ_CM002883.1	NZ_CM002883.1	2024-06-30		lineage4.9	4.2.1.1.1.1.1.1.i2	lineage4
CP072765.1	CP072765.1	2021-04-12	USA	lineage4.9	4.2.1.1.1.1.1.1.i2	lineage4
CP010330.1	CP010330.1	2016-02-03		lineage4.9	4.2.1.1.1.1.1.1.i2	lineage4
CP016972.1	CP016972.1	2017-01-06		lineage4.9	4.2.1.1.1.1.1.1.i2	lineage4
NZ_PDLG01000001.1	NZ_PDLG01000001.1	2024-03-19	USA	lineage4.9	4.2.1.1.1.1.1.1.i2	lineage4
NC_018143.2	NC_018143.2	2024-06-21		lineage4.9	4.2.1.1.1.1.1.1.i2	lineage4
CP110619.1	CP110619.1	2022-11-15	USA	lineage4.9	4.2.1.1.1.1.1.1.i2	lineage4
NZ_CM002101.1	NZ_CM002101.1	2024-06-21	Panama	lineage4.9	4.2.1.1.1.1.1.1.i2	lineage4
CP069068.1	CP069068.1	2022-04-11	Ghana	lineage5	5	lineage5
LR993208.1	LR993208.1	2021-01-25		lineage5	5	lineage5
NZ_LR993208.1	NZ_LR993208.1	2024-03-23	France	lineage5	5	lineage5
NZ_CP150095.1	NZ_CP150095.1	2024-11-27	Cote d'Ivoire	lineage5	5	lineage5
CP154614.1	CP154614.1	2024-05-07	USA	lineage5	5	lineage5
NZ_CP058236.1	NZ_CP058236.1	2024-05-25	Benin	lineage5	5	lineage5
NZ_CP154614.1	NZ_CP154614.1	2024-11-27	USA	lineage5	5	lineage5
NZ_CP069069.1	NZ_CP069069.1	2024-06-03	Ghana	lineage5	5	lineage5
CP069067.1	CP069067.1	2022-04-11	Sierra Leone	lineage5	5	lineage5
NZ_CP069067.1	NZ_CP069067.1	2024-06-03	Sierra Leone	lineage5	5	lineage5
NC_015758.1	NC_015758.1	2024-05-07		lineage6,lineageBOV_AFRI	6	lineage6,lineageBOV_AFRI
LR993210.1	LR993210.1	2021-01-25		lineage6,lineageBOV_AFRI	6	lineage6,lineageBOV_AFRI
CP069066.1	CP069066.1	2022-04-11	Ghana	lineage6,lineageBOV_AFRI	6	lineage6,lineageBOV_AFRI
NZ_LR993210.1	NZ_LR993210.1	2023-12-09	France	lineage6,lineageBOV_AFRI	6	lineage6,lineageBOV_AFRI
CP069064.1	CP069064.1	2022-04-11	Ghana	lineage6,lineageBOV_AFRI	6	lineage6,lineageBOV_AFRI
NZ_CP069065.1	NZ_CP069065.1	2024-06-03	Gambia	lineage6,lineageBOV_AFRI	6	lineage6,lineageBOV_AFRI
NZ_CP069066.1	NZ_CP069066.1	2024-06-03	Ghana	lineage6,lineageBOV_AFRI	6	lineage6,lineageBOV_AFRI
NZ_KK339079.1	NZ_KK339079.1	2024-06-29	Mali	lineage6,lineageBOV_AFRI	6	lineage6,lineageBOV_AFRI
KK339079.1	KK339079.1	2014-05-01		lineage6,lineageBOV_AFRI	6	lineage6,lineageBOV_AFRI
NZ_CP069063.1	NZ_CP069063.1	2024-06-03	Ethiopia	lineage7	7	lineage7
CP069063.1	CP069063.1	2022-04-11	Ethiopia	lineage7	7	lineage7
CP041803.1	CP041803.1	2020-10-20	Sweden	lineage7	7	lineage7
NZ_CP041803.1	NZ_CP041803.1	2024-07-03	Sweden	lineage7	7	lineage7
NZ_CP112996.1	NZ_CP112996.1	2024-01-21	Canada	lineageBOV_AFRI		lineageBOV_AFRI
NZ_CP039851.1	NZ_CP039851.1	2024-03-22	Belgium	lineageBOV_AFRI		lineageBOV_AFRI
NZ_CP064405.1	NZ_CP064405.1	2024-07-04	Bulgaria	lineageBOV_AFRI		lineageBOV_AFRI
CUWN01000001.1	CUWN01000001.1	2015-09-01		lineageBOV_AFRI		lineageBOV_AFRI
CP002095.1	CP002095.1	2014-01-31	Mexico	lineageBOV_AFRI		lineageBOV_AFRI
LR882499.1	LR882499.1	2021-01-25		lineageBOV_AFRI		lineageBOV_AFRI
NZ_CP096840.1	NZ_CP096840.1	2024-03-18	France	lineageBOV_AFRI		lineageBOV_AFRI
NZ_LR882497.1	NZ_LR882497.1	2023-12-09	Germany	lineageBOV_AFRI		lineageBOV_AFRI
NZ_CUWR01000001.1	NZ_CUWR01000001.1	2024-06-30		lineageBOV_AFRI		lineageBOV_AFRI
NZ_CP096845.1	NZ_CP096845.1	2024-03-18	France	lineageBOV_AFRI		lineageBOV_AFRI
CP133603.1	CP133603.1	2023-09-06	Ireland	lineageBOV_AFRI,lineage4.9	4.2.1.1.1.1.1.1.i2	lineageBOV_AFRI,lineage4
NZ_CP048071.1	NZ_CP048071.1	2024-04-28	Rwanda			
CP048071.1	CP048071.1	2024-04-25	Rwanda			
